{
    "enemies": [
        [196.666666666667, 242],
        [172.666666666667, 202],
        [212.666666666667, 194],
        [220.666666666667, 218],
        [215.333333333333, 273.333333333333],
        [196.666666666667, 266],
        [172.666666666667, 226],
        [172.666666666667, 242],
        [196.666666666667, 210],
        [212.666666666667, 250],
        [202.666666666667, 292.666666666667],
        [186.666666666667, 300.666666666667],
        [170.666666666667, 300.666666666667],
        [210.666666666667, 300.666666666667],
        [218.666666666667, 308.666666666667]
    ],
    "healers": [
        [180, 220],
        [200, 260],
        [210, 230],
        [190, 290],
        [175, 250]
    ]
}