{
    "enemies": [
        [412, 476],
        [422.666666666667, 418.666666666667],
        [398.666666666667, 410.666666666667],
        [404, 452],
        [356, 460],
        [428, 452],
        [436, 476],
        [430.666666666667, 394.666666666667],
        [380, 460],
        [406.666666666667, 378.666666666667],
        [452, 460],
        [348, 484],
        [452, 484],
        [380, 484],
        [476, 468]
    ],
    "healers": [
        [400, 420],
        [440, 450],
        [360, 470],
        [430, 480],
        [395, 440]
    ]
}